stock_name,stock_symbol,period,gross_profit_margin,operating_profit_margin,net_profit_margin,return_on_equity,debt_ratio,interest_coverage,current_ratio,quick_ratio,accounts_turnover,inventory_turnover,eps,book_value_per_share,date
嘉里大榮,2608,Q,19.02,13.63,10.18,2.4,50.04,10.08,138.1,131.75,1.55,41.19,0.56,25.3,2023-03-01 00:00:00
嘉里大榮,2608,Q,18.87,13.82,11.1,2.94,50.84,13.06,112.13,107.63,1.66,39.57,0.68,24.71,2022-12-01 00:00:00
嘉里大榮,2608,Q,19.16,13.97,10.62,2.93,51.75,12.81,101.26,96.64,1.73,35.95,0.65,23.79,2022-09-01 00:00:00
嘉里大榮,2608,Q,17.45,12.3,11.21,3.11,52.75,14.43,92.52,87.78,1.75,43.03,0.7,23.15,2022-06-01 00:00:00
嘉里大榮,2608,Q,18.22,12.63,9.98,2.7,50.57,14.39,123.83,117.77,1.61,49.67,0.62,24.07,2022-03-01 00:00:00
嘉里大榮,2608,Y,18.42,13.18,10.73,11.53,50.84,13.62,112.13,107.63,6.13,176.43,2.66,24.71,2022-12-01 00:00:00
華航,2610,Q,12.18,4.28,3.27,1.91,74.82,3.47,94.34,78.22,3.87,0.0,0.22,11.9,2023-03-01 00:00:00
華航,2610,Q,3.83,-4.27,-2.3,-1.24,75.39,-0.7,97.99,80.62,3.39,0.0,-0.13,11.64,2022-12-01 00:00:00
華航,2610,Q,4.46,-0.89,-0.03,-0.02,74.53,0.78,106.3,87.42,3.18,0.0,0.02,11.6,2022-09-01 00:00:00
華航,2610,Q,7.32,2.61,0.93,0.44,73.95,1.66,115.13,97.01,3.29,0.0,0.07,11.9,2022-06-01 00:00:00
華航,2610,Q,14.77,9.74,7.55,3.58,71.88,7.28,153.79,133.02,3.1,0.0,0.52,12.86,2022-03-01 00:00:00
榮運,2607,Q,25.85,15.44,14.27,1.54,26.77,17.68,362.62,349.42,1.27,0.0,0.42,28.15,2023-03-01 00:00:00
榮運,2607,Q,23.59,13.86,15.21,1.91,29.08,12.07,379.15,371.06,1.33,0.0,0.52,27.69,2022-12-01 00:00:00
榮運,2607,Q,27.18,19.72,20.15,3.41,30.35,36.99,326.53,317.85,1.57,0.0,0.88,27.49,2022-09-01 00:00:00
榮運,2607,Q,26.58,19.85,30.37,4.93,33.1,55.51,293.6,284.35,1.56,0.0,1.29,26.77,2022-06-01 00:00:00
榮運,2607,Q,24.38,18.46,16.21,2.43,32.71,36.97,356.17,350.04,1.81,0.0,0.62,26.96,2022-03-01 00:00:00
新興,2605,Q,9.75,3.24,12.38,0.68,21.17,3.64,222.4,212.11,1.93,0.0,0.21,26.49,2023-03-01 00:00:00
華航,2610,Y,7.54,1.71,1.49,3.0,75.39,2.05,97.99,80.62,12.25,0.0,0.48,11.64,2022-12-01 00:00:00
新興,2605,Q,25.02,20.95,21.22,1.63,19.37,9.03,242.17,225.99,2.57,0.0,0.41,27.04,2022-12-01 00:00:00
新興,2605,Q,5.35,0.62,-6.39,-0.38,19.53,-2.17,260.03,238.95,2.87,0.0,-0.17,27.66,2022-09-01 00:00:00
新興,2605,Q,19.02,14.33,8.47,0.52,21.7,3.9,228.0,199.38,3.5,0.0,0.1,25.78,2022-06-01 00:00:00
新興,2605,Q,13.36,5.47,2.92,0.16,27.53,1.69,183.32,169.11,3.15,0.0,-0.01,24.59,2022-03-01 00:00:00
陽明,2609,Q,9.25,3.98,9.37,1.0,31.2,7.71,461.28,449.29,3.66,0.0,0.97,99.02,2023-03-01 00:00:00
陽明,2609,Q,36.91,32.42,24.73,4.39,32.35,29.25,445.91,433.86,3.43,0.0,4.22,98.21,2022-12-01 00:00:00
陽明,2609,Q,60.37,58.12,49.96,16.3,34.09,105.16,454.68,437.36,4.06,0.0,14.25,94.82,2022-09-01 00:00:00
陽明,2609,Q,66.22,64.82,50.84,19.37,45.39,134.45,236.3,226.04,4.42,0.0,15.9,79.92,2022-06-01 00:00:00
陽明,2609,Q,70.58,67.76,56.87,22.94,36.17,137.43,343.64,330.19,4.65,0.0,17.35,84.17,2022-03-01 00:00:00
裕民,2606,Q,16.26,10.64,16.7,1.46,58.49,1.89,149.29,141.17,3.67,0.0,0.59,38.99,2023-03-01 00:00:00
裕民,2606,Q,26.34,19.23,15.49,1.49,56.95,3.33,157.72,151.74,3.69,0.0,0.59,38.7,2022-12-01 00:00:00
新興,2605,Y,16.49,11.32,7.82,1.99,19.37,3.58,242.17,225.99,9.23,0.0,0.34,27.04,2022-12-01 00:00:00
裕民,2606,Q,42.42,38.2,44.81,5.87,55.49,12.68,165.86,155.37,5.28,0.0,2.18,39.82,2022-09-01 00:00:00
裕民,2606,Q,37.59,33.44,32.13,4.21,59.2,12.2,160.46,152.77,6.82,0.0,1.44,34.07,2022-06-01 00:00:00
裕民,2606,Q,34.28,28.75,27.6,3.07,57.07,10.95,143.15,136.55,6.7,0.0,1.0,34.3,2022-03-01 00:00:00
台船,2208,Q,-25.29,-28.07,-29.98,-19.09,82.5,-27.32,110.55,14.19,4.4,1.09,-1.83,8.7,2023-03-01 00:00:00
長榮,2603,Q,22.15,16.67,9.48,1.08,34.38,18.22,284.5,276.28,2.8,89.52,2.38,261.66,2023-03-01 00:00:00
台船,2208,Q,-10.46,-13.7,-14.65,-11.19,78.96,-17.57,118.72,16.93,3.32,1.52,-1.23,10.53,2022-12-01 00:00:00
台船,2208,Q,-31.18,-34.52,-30.3,-11.31,76.79,-30.65,112.41,22.66,1.56,1.19,-1.39,11.65,2022-09-01 00:00:00
台船,2208,Q,-19.24,-22.39,-20.99,-7.02,71.84,-26.99,108.0,14.31,1.71,1.56,-0.95,13.04,2022-06-01 00:00:00
台船,2208,Q,-2.1,-4.41,-3.62,-1.53,70.38,-6.35,114.3,18.33,2.27,1.99,-0.21,13.99,2022-03-01 00:00:00
榮運,2607,Y,25.58,18.21,20.87,12.76,29.08,33.67,379.15,371.06,8.0,0.0,3.3,27.69,2022-12-01 00:00:00
長榮,2603,Q,41.01,29.57,28.36,5.44,34.36,42.81,293.51,285.63,3.42,99.55,7.78,260.92,2022-12-01 00:00:00
長榮,2603,Q,66.37,64.1,60.45,19.43,34.83,142.49,301.92,291.15,3.78,84.73,37.25,254.87,2022-09-01 00:00:00
長榮,2603,Q,69.58,67.39,60.29,22.13,44.41,168.94,206.34,198.89,3.43,87.13,19.33,85.3,2022-06-01 00:00:00
長榮,2603,Q,69.09,67.2,62.14,25.74,38.32,156.85,295.35,283.76,3.69,90.12,19.16,82.54,2022-03-01 00:00:00
陽明,2609,Y,61.23,58.71,48.16,62.62,32.35,98.43,445.91,433.86,22.45,0.0,51.71,98.21,2022-12-01 00:00:00
長榮,2603,Y,63.52,59.75,55.19,73.66,34.36,123.7,293.51,285.63,18.63,379.36,87.07,260.92,2022-12-01 00:00:00
裕民,2606,Y,35.73,30.59,31.06,15.0,56.95,8.85,157.72,151.74,19.81,0.0,5.21,38.7,2022-12-01 00:00:00
台船,2208,Y,-14.08,-17.09,-16.13,-30.75,78.96,-20.8,118.72,16.93,13.02,5.99,-3.78,10.53,2022-12-01 00:00:00
中櫃,2613,Q,10.24,3.56,-4.32,-0.99,70.61,0.04,103.23,86.56,1.39,3.77,-0.23,22.18,2023-03-01 00:00:00
中櫃,2613,Q,13.84,8.24,3.37,0.79,69.35,2.0,114.87,98.64,1.33,4.12,0.19,23.53,2022-12-01 00:00:00
中櫃,2613,Q,17.05,11.12,2.58,0.65,70.22,2.02,114.96,98.34,1.27,4.34,0.15,23.13,2022-09-01 00:00:00
中櫃,2613,Q,21.48,15.28,8.26,2.22,70.73,4.28,111.78,96.86,1.31,4.49,0.5,23.03,2022-06-01 00:00:00
中櫃,2613,Q,15.13,8.7,3.75,0.92,71.93,2.27,107.98,95.39,1.22,4.75,0.21,22.43,2022-03-01 00:00:00
中櫃,2613,Y,16.99,10.94,4.56,4.43,69.35,2.64,114.87,98.64,5.28,17.76,1.05,23.53,2022-12-01 00:00:00
慧洋-KY,2637,Q,10.93,9.7,-3.73,-0.29,48.94,0.75,77.18,49.12,26.93,0.0,-0.18,62.54,2023-03-01 00:00:00
慧洋-KY,2637,Q,33.15,31.82,20.58,2.24,49.95,3.27,88.71,63.9,35.83,0.0,1.45,63.09,2022-12-01 00:00:00
慧洋-KY,2637,Q,44.12,43.09,40.29,5.53,49.91,8.01,87.83,63.25,45.15,0.0,3.42,65.96,2022-09-01 00:00:00
慧洋-KY,2637,Q,57.42,56.66,56.21,10.3,53.14,17.86,72.36,52.08,45.62,0.0,5.71,57.6,2022-06-01 00:00:00
台驊投控,2636,Q,23.17,8.48,7.84,3.0,50.53,15.4,187.12,155.26,1.5,0.0,1.81,60.43,2023-03-01 00:00:00
台驊投控,2636,Q,19.63,4.34,3.21,1.43,49.11,10.1,192.33,171.43,1.46,0.0,0.82,63.69,2022-12-01 00:00:00
台驊投控,2636,Q,17.47,7.55,7.8,4.61,42.79,39.68,228.78,213.9,1.59,0.0,3.04,68.58,2022-09-01 00:00:00
台驊投控,2636,Q,18.41,8.69,13.82,10.39,45.31,200.51,193.88,180.31,1.81,0.0,7.65,67.38,2022-06-01 00:00:00
台驊投控,2636,Q,22.42,12.0,9.31,8.7,35.21,212.31,253.59,243.32,2.07,0.0,6.45,79.57,2022-03-01 00:00:00
慧洋-KY,2637,Q,49.11,48.27,46.54,7.17,54.86,13.67,79.47,57.46,31.65,0.0,3.59,53.22,2022-03-01 00:00:00
宅配通,2642,Q,11.59,0.69,0.15,0.07,46.12,1.46,172.25,148.39,1.57,63.71,0.02,26.11,2023-03-01 00:00:00
台驊投控,2636,Y,19.84,8.99,9.36,27.5,49.11,71.53,192.33,171.43,7.66,0.0,18.03,63.69,2022-12-01 00:00:00
宅配通,2642,Q,14.5,4.13,3.28,1.72,51.91,10.33,156.57,134.2,1.61,64.64,0.38,23.03,2022-12-01 00:00:00
宅配通,2642,Q,14.06,3.79,2.88,1.57,53.19,9.56,156.12,136.44,1.68,71.73,0.35,21.78,2022-09-01 00:00:00
宅配通,2642,Q,16.48,5.97,6.19,3.13,52.58,19.28,155.62,141.06,1.74,75.84,0.74,22.33,2022-06-01 00:00:00
宅配通,2642,Q,14.7,4.21,3.28,1.41,47.4,10.73,179.0,160.1,1.61,74.49,0.38,24.96,2022-03-01 00:00:00
漢翔,2634,Q,9.37,6.5,5.47,3.38,63.37,14.78,162.42,50.85,1.16,0.62,0.58,17.38,2023-03-01 00:00:00
漢翔,2634,Q,10.74,5.36,2.83,1.62,62.93,6.87,180.3,74.2,0.96,0.58,0.27,16.81,2022-12-01 00:00:00
漢翔,2634,Q,8.55,4.89,7.01,3.76,62.46,17.87,165.45,65.07,0.85,0.54,0.61,16.48,2022-09-01 00:00:00
漢翔,2634,Q,11.69,7.17,8.14,4.07,63.4,21.44,219.8,87.37,0.85,0.49,0.64,15.82,2022-06-01 00:00:00
漢翔,2634,Q,6.78,1.75,3.52,1.4,63.28,9.12,171.47,66.89,0.69,0.43,0.22,15.47,2022-03-01 00:00:00
漢翔,2634,Y,9.63,4.98,5.38,10.79,62.93,13.45,180.3,74.2,3.54,2.15,1.73,16.81,2022-12-01 00:00:00
慧洋-KY,2637,Y,47.0,46.04,42.42,25.74,49.95,9.1,88.71,63.9,151.97,0.0,14.16,63.09,2022-12-01 00:00:00
宅配通,2642,Y,14.94,4.53,3.91,7.13,51.91,12.39,156.57,134.2,6.09,282.38,1.85,23.03,2022-12-01 00:00:00
長榮航太,2645,Q,16.43,10.76,9.04,2.67,51.48,11.03,233.35,175.81,1.17,1.22,0.84,30.68,2023-03-01 00:00:00
長榮航太,2645,Q,9.12,6.48,4.93,1.36,49.89,5.81,293.99,207.26,1.15,1.24,0.41,30.93,2022-12-01 00:00:00
長榮航太,2645,Q,19.5,14.74,20.27,6.09,53.46,23.41,267.47,196.7,1.19,1.2,1.76,29.85,2022-09-01 00:00:00
長榮航太,2645,Q,20.31,16.03,16.61,5.13,56.96,20.39,252.3,189.65,1.31,1.29,1.45,28.03,2022-06-01 00:00:00
長榮航太,2645,Q,14.73,9.55,11.03,3.05,56.09,13.79,275.28,212.16,1.45,1.27,0.86,0.0,2022-03-01 00:00:00
長榮航太,2645,Y,16.01,11.81,13.35,15.32,49.89,15.74,293.99,207.26,5.69,4.88,4.48,30.93,2022-12-01 00:00:00
遠雄港,5607,Q,58.33,42.5,33.38,2.83,63.44,8.27,20.29,19.81,3.29,0.0,0.84,29.99,2023-03-01 00:00:00
遠雄港,5607,Q,52.24,33.26,39.48,3.94,63.24,8.27,49.41,48.28,3.48,0.0,1.2,29.16,2022-12-01 00:00:00
遠雄港,5607,Q,61.15,46.25,32.96,3.44,63.62,10.93,66.84,66.02,3.33,0.0,0.93,27.72,2022-09-01 00:00:00
遠雄港,5607,Q,64.33,50.05,40.55,4.37,63.08,14.03,77.66,76.93,3.35,0.0,1.18,26.91,2022-06-01 00:00:00
遠雄港,5607,Q,64.71,50.05,37.09,3.97,60.51,13.83,132.63,131.32,3.12,0.0,1.03,27.62,2022-03-01 00:00:00
遠雄港,5607,Y,60.68,45.0,37.54,15.62,63.24,11.67,49.41,48.28,12.94,0.0,4.27,29.16,2022-12-01 00:00:00
志信,2611,Q,10.39,-17.74,4.83,0.23,25.71,1.87,528.98,465.9,1.12,0.64,0.05,13.21,2023-03-01 00:00:00
志信,2611,Q,2.76,-31.99,11.8,0.54,24.48,3.93,598.52,537.77,0.89,0.72,0.12,13.09,2022-12-01 00:00:00
志信,2611,Q,26.27,3.27,29.33,2.14,25.04,20.13,614.81,556.77,1.15,0.87,0.25,13.01,2022-09-01 00:00:00
志信,2611,Q,24.55,4.04,-177.4,-12.26,28.48,-107.74,448.23,407.96,1.19,0.91,-2.11,14.15,2022-06-01 00:00:00
志信,2611,Q,25.79,4.4,19.48,1.26,25.02,15.07,531.3,490.79,1.27,0.91,0.19,17.0,2022-03-01 00:00:00
志信,2611,Y,21.67,-2.18,-33.59,-8.19,24.48,-18.08,598.52,537.77,5.06,3.4,-1.37,13.09,2022-12-01 00:00:00
長榮航,2618,Q,20.76,14.12,10.7,4.88,69.73,7.39,109.24,103.77,4.02,0.0,0.84,16.66,2023-03-01 00:00:00
長榮航,2618,Q,11.64,4.74,2.29,0.96,69.88,1.91,109.15,103.27,3.54,0.0,0.13,16.41,2022-12-01 00:00:00
長榮航,2618,Q,11.02,3.57,4.31,1.62,71.1,2.99,114.71,107.55,2.91,0.0,0.23,15.72,2022-09-01 00:00:00
長榮航,2618,Q,14.24,7.4,5.96,2.11,70.56,3.62,126.92,119.01,2.92,0.0,0.34,16.28,2022-06-01 00:00:00
長榮航,2618,Q,21.58,13.97,11.36,3.65,70.45,5.4,128.29,119.61,2.93,0.0,0.64,16.39,2022-03-01 00:00:00
長榮航,2618,Y,14.28,7.1,5.67,8.28,69.88,3.5,109.15,103.27,13.47,0.0,1.34,16.41,2022-12-01 00:00:00
台灣高鐵,2633,Q,45.94,42.85,17.51,3.11,82.8,2.58,96.33,61.75,32.83,2.52,0.38,12.33,2023-03-01 00:00:00
台灣高鐵,2633,Q,43.26,39.84,13.9,2.45,83.2,2.21,111.01,58.63,33.89,2.67,0.29,11.96,2022-12-01 00:00:00
台灣高鐵,2633,Q,31.76,28.51,13.37,2.01,83.47,1.85,94.84,59.81,41.77,2.58,0.23,11.67,2022-09-01 00:00:00
台灣高鐵,2633,Q,5.04,0.5,4.17,0.42,83.89,1.11,83.92,62.28,31.37,2.38,0.05,11.43,2022-06-01 00:00:00
台灣高鐵,2633,Q,30.48,27.12,6.21,0.82,84.05,1.49,95.51,59.54,20.0,2.49,0.1,12.14,2022-03-01 00:00:00
台灣高鐵,2633,Y,30.28,26.72,10.15,5.58,83.2,1.68,111.01,58.63,68.77,10.85,0.67,11.96,2022-12-01 00:00:00
龍德造船,6753,Q,16.08,13.63,10.2,6.69,60.99,15.44,127.4,71.47,35.37,1.06,1.54,25.17,2023-03-01 00:00:00
龍德造船,6753,Q,17.16,14.4,11.15,6.73,72.02,11.67,104.6,43.8,25.77,0.76,1.28,19.65,2022-12-01 00:00:00
龍德造船,6753,Q,14.71,11.34,3.9,2.01,70.71,4.08,104.12,26.55,18.96,0.97,0.37,18.43,2022-09-01 00:00:00
龍德造船,6753,Q,13.41,11.34,5.46,3.04,70.29,7.25,104.68,49.82,15.34,1.68,0.67,22.12,2022-06-01 00:00:00
龍德造船,6753,Q,16.56,12.32,8.98,4.26,69.25,11.38,112.18,43.22,10.38,2.13,0.91,0.0,2022-03-01 00:00:00
龍德造船,6753,Y,15.49,12.44,7.5,16.01,72.02,8.36,104.6,43.8,69.23,3.87,2.93,19.65,2022-12-01 00:00:00
四維航,5608,Q,-4.45,-12.8,-23.92,-2.1,59.64,-0.3,79.27,67.81,26.35,0.0,-0.5,25.12,2023-03-01 00:00:00
四維航,5608,Q,27.97,20.65,15.49,2.03,59.34,2.58,97.08,86.78,23.96,0.0,0.67,27.42,2022-12-01 00:00:00
四維航,5608,Q,50.46,46.17,30.69,6.53,62.97,7.37,106.1,94.13,41.33,0.0,1.83,29.04,2022-09-01 00:00:00
四維航,5608,Q,55.59,51.08,35.01,8.27,66.65,11.74,94.48,87.53,55.98,0.0,2.12,24.76,2022-06-01 00:00:00
四維航,5608,Q,48.97,44.06,29.95,6.47,67.07,11.24,75.19,69.01,39.04,0.0,1.53,23.39,2022-03-01 00:00:00
建新國際,8367,Q,28.71,14.7,19.17,2.46,63.98,6.24,184.21,170.75,1.45,0.0,0.95,34.98,2023-03-01 00:00:00
建新國際,8367,Q,29.45,15.3,12.43,1.82,65.23,5.28,175.97,164.64,1.41,0.0,0.76,34.02,2022-12-01 00:00:00
建新國際,8367,Q,35.47,25.5,19.2,3.31,63.71,10.21,188.54,176.88,1.6,0.0,1.38,33.24,2022-09-01 00:00:00
建新國際,8367,Q,32.34,21.36,-3.47,-0.52,64.31,2.02,171.13,162.16,1.54,0.0,0.11,31.87,2022-06-01 00:00:00
建新國際,8367,Q,30.22,14.97,12.59,1.85,60.54,7.15,249.65,239.24,1.46,0.0,0.75,34.55,2022-03-01 00:00:00
建新國際,8367,Y,32.02,19.56,10.44,6.69,65.23,6.13,175.97,164.64,5.89,0.0,2.98,34.02,2022-12-01 00:00:00
四維航,5608,Y,47.21,42.12,28.8,22.46,59.34,6.99,97.08,86.78,136.2,0.0,6.08,27.42,2022-12-01 00:00:00
亞航,2630,Q,6.04,0.92,0.23,0.14,63.17,1.3,145.97,55.16,0.92,0.88,0.02,11.53,2023-03-01 00:00:00
亞航,2630,Q,7.61,1.91,0.45,0.24,60.81,1.54,151.23,59.26,0.8,0.86,0.03,11.88,2022-12-01 00:00:00
亞航,2630,Q,5.89,1.19,0.54,0.32,61.61,2.1,152.09,68.07,0.9,1.05,0.04,11.89,2022-09-01 00:00:00
亞航,2630,Q,6.6,1.64,1.62,0.87,60.39,3.53,160.11,71.22,0.84,0.98,0.11,12.71,2022-06-01 00:00:00
亞航,2630,Q,4.3,-1.33,-1.6,-0.72,60.02,-1.09,166.36,74.95,0.64,0.85,-0.09,12.59,2022-03-01 00:00:00
亞航,2630,Y,6.17,0.95,0.33,0.7,60.81,1.54,151.23,59.26,3.11,3.5,0.08,11.88,2022-12-01 00:00:00
萬海,2615,Q,-7.06,-12.52,-8.27,-0.94,35.82,-3.41,425.09,402.8,6.1,0.0,-0.75,79.13,2023-03-01 00:00:00
萬海,2615,Q,14.49,11.74,-0.11,-0.02,38.11,9.63,402.94,381.15,6.82,0.0,-0.01,80.4,2022-12-01 00:00:00
台航,2617,Q,32.53,27.62,15.24,0.91,34.99,2.95,235.98,175.04,11.02,0.0,0.34,37.77,2023-03-01 00:00:00
台航,2617,Q,31.26,26.39,36.88,2.56,36.19,6.09,256.56,187.22,16.53,0.0,0.95,37.65,2022-12-01 00:00:00
台航,2617,Q,37.25,31.69,32.13,2.03,35.18,8.13,212.78,173.07,16.54,0.0,0.75,37.06,2022-09-01 00:00:00
台航,2617,Q,36.52,31.18,105.66,6.68,37.87,43.83,340.21,276.72,24.17,0.0,2.54,36.73,2022-06-01 00:00:00
台航,2617,Q,33.33,28.18,29.92,1.53,34.07,22.2,554.75,429.75,17.06,0.0,0.59,39.32,2022-03-01 00:00:00
台航,2617,Y,34.56,29.34,52.03,12.86,36.19,13.8,256.56,187.22,67.07,0.0,4.83,37.65,2022-12-01 00:00:00
萬海,2615,Q,42.81,39.37,35.06,10.32,38.23,67.53,366.2,343.68,8.59,0.0,7.97,83.31,2022-09-01 00:00:00
萬海,2615,Q,55.56,52.31,40.16,15.5,44.14,143.34,250.93,230.63,9.87,0.0,10.74,81.68,2022-06-01 00:00:00
萬海,2615,Q,64.16,60.7,50.47,24.31,40.41,218.87,317.43,291.17,11.1,0.0,16.64,77.63,2022-03-01 00:00:00
萬海,2615,Y,48.82,45.54,35.96,50.27,38.11,84.09,402.94,381.15,42.07,0.0,33.17,80.4,2022-12-01 00:00:00
中航,2612,Q,23.54,10.61,18.45,1.49,48.67,3.93,125.98,116.27,3.15,0.0,0.88,57.16,2023-03-01 00:00:00
中航,2612,Q,27.98,17.46,19.21,1.71,43.03,5.01,151.17,140.64,3.25,0.0,1.04,58.95,2022-12-01 00:00:00
中航,2612,Q,31.61,21.32,16.61,1.65,43.26,5.88,158.86,146.7,3.04,0.0,0.97,60.62,2022-09-01 00:00:00
中航,2612,Q,36.97,27.75,15.04,1.68,44.39,7.49,160.05,146.14,3.31,0.0,0.93,55.82,2022-06-01 00:00:00
中航,2612,Q,28.1,16.54,18.31,1.75,46.55,10.02,136.19,125.73,2.97,0.0,0.94,53.83,2022-03-01 00:00:00
中航,2612,Y,31.41,21.07,17.19,6.87,43.03,6.54,151.17,140.64,13.77,0.0,3.88,58.95,2022-12-01 00:00:00
台航,2617,Q,0.0,0.0,0.0,0.0,0.0,0.0,0.0,0.0,0.0,0.0,0.4,0.0,2023-06-01 00:00:00
漢翔,2634,Q,12.41,8.81,7.9,4.63,65.78,16.24,154.28,51.27,0.99,0.52,0.8,17.16,2023-06-01 00:00:00
台驊投控,2636,Q,19.76,8.01,15.75,6.19,48.64,25.33,194.65,159.6,1.61,0.0,3.79,62.24,2023-06-01 00:00:00
新興,2605,Q,28.96,22.72,15.38,0.86,22.6,5.36,198.21,190.91,2.31,21.63,0.18,27.37,2023-06-01 00:00:00
遠雄港,5607,Q,56.39,40.98,28.71,2.44,65.51,7.46,41.53,40.69,3.63,0.0,0.66,29.61,2023-06-01 00:00:00
建新國際,8367,Q,28.3,14.66,10.7,1.4,65.68,4.03,145.36,136.7,1.66,0.0,0.61,33.09,2023-06-01 00:00:00
台船,2208,Q,-6.3,-9.43,-17.19,-12.58,83.23,-22.45,101.39,10.74,4.48,0.87,-1.03,7.69,2023-06-01 00:00:00
裕民,2606,Q,25.55,21.52,16.24,1.79,60.63,2.91,158.54,151.4,5.08,9.8,0.71,38.55,2023-06-01 00:00:00
華航,2610,Q,16.97,10.1,7.34,4.66,74.87,7.26,82.09,67.34,4.64,7.1,0.55,11.97,2023-06-01 00:00:00
亞航,2630,Q,3.49,-1.5,-2.28,-1.49,62.89,-1.31,142.72,64.05,0.88,1.1,-0.18,11.94,2023-06-01 00:00:00
嘉里大榮,2608,Q,16.44,10.42,30.2,7.08,50.07,27.31,108.36,102.91,1.69,38.4,1.8,25.37,2023-06-01 00:00:00
中航,2612,Q,20.58,8.55,5.05,0.43,50.75,2.11,136.19,122.69,3.13,59.32,0.25,58.79,2023-06-01 00:00:00
長榮航,2618,Q,23.23,15.97,13.3,6.39,67.68,10.09,100.96,94.84,4.22,18.79,1.11,17.62,2023-06-01 00:00:00
台灣高鐵,2633,Q,43.91,40.78,13.22,2.38,82.99,2.16,100.19,38.61,38.22,2.5,0.29,11.95,2023-06-01 00:00:00
宅配通,2642,Q,13.47,2.7,4.2,1.81,47.9,11.23,161.41,139.99,1.74,71.21,0.46,24.25,2023-06-01 00:00:00
長榮航太,2645,Q,22.15,16.93,16.73,5.36,49.95,21.59,238.96,182.37,1.15,1.25,1.69,32.43,2023-06-01 00:00:00
長榮,2603,Q,0.0,0.0,0.0,0.0,0.0,0.0,0.0,0.0,0.0,0.0,2.41,0.0,2023-06-01 00:00:00
陽明,2609,Q,0.0,0.0,0.0,0.0,0.0,0.0,0.0,0.0,0.0,0.0,-0.04,0.0,2023-06-01 00:00:00
志信,2611,Q,0.0,0.0,0.0,0.0,0.0,0.0,0.0,0.0,0.0,0.0,0.35,0.0,2023-06-01 00:00:00
四維航,5608,Q,0.0,0.0,0.0,0.0,0.0,0.0,0.0,0.0,0.0,0.0,-0.65,0.0,2023-06-01 00:00:00
榮運,2607,Q,0.0,0.0,0.0,0.0,0.0,0.0,0.0,0.0,0.0,0.0,1.14,0.0,2023-06-01 00:00:00
中櫃,2613,Q,0.0,0.0,0.0,0.0,0.0,0.0,0.0,0.0,0.0,0.0,0.29,0.0,2023-06-01 00:00:00
萬海,2615,Q,-2.35,-7.01,-9.56,-1.08,38.24,5.91,336.39,318.97,6.9,12.22,-0.83,74.67,2023-06-01 00:00:00
龍德造船,6753,Q,14.55,11.48,8.44,3.06,59.69,9.96,124.47,56.68,21.44,0.87,0.77,24.94,2023-06-01 00:00:00
慧洋-KY,2637,Q,0.0,0.0,0.0,0.0,0.0,0.0,0.0,0.0,0.0,0.0,2.05,0.0,2023-06-01 00:00:00
漢翔,2634,Q,9.83,5.95,6.61,3.99,67.22,12.47,134.4,51.48,0.84,0.55,0.7,17.92,2023-09-01 00:00:00
台驊投控,2636,Q,18.95,2.36,14.99,6.44,47.95,25.33,195.56,141.17,1.62,0.0,4.03,63.25,2023-09-01 00:00:00
台航,2617,Q,32.64,27.1,116.42,7.08,35.68,14.48,180.79,126.29,7.19,0.0,2.65,38.37,2023-09-01 00:00:00
長榮航,2618,Q,21.9,14.78,12.05,6.02,66.17,10.9,99.72,93.47,4.4,20.79,1.1,18.39,2023-09-01 00:00:00
遠雄港,5607,Q,47.9,31.95,50.9,4.58,65.96,3.86,35.29,34.63,3.66,0.0,1.26,28.12,2023-09-01 00:00:00
建新國際,8367,Q,29.7,16.41,9.74,1.39,66.61,4.16,145.61,134.35,1.69,0.0,0.64,33.77,2023-09-01 00:00:00
新興,2605,Q,13.08,6.06,10.14,0.6,22.37,3.32,181.56,167.65,2.5,6.55,0.18,28.73,2023-09-01 00:00:00
華航,2610,Q,12.57,5.2,5.33,3.34,73.37,5.94,76.99,60.18,4.84,7.4,0.38,12.33,2023-09-01 00:00:00
亞航,2630,Q,9.86,5.09,4.4,1.91,40.57,6.85,228.21,100.9,0.68,0.97,0.27,16.3,2023-09-01 00:00:00
四維航,5608,Q,4.92,-3.79,-21.03,-1.85,54.63,-0.21,66.18,55.87,35.22,12.44,-0.41,25.76,2023-09-01 00:00:00
中航,2612,Q,18.5,6.73,6.18,0.54,49.7,1.77,129.78,117.16,3.34,64.41,0.33,61.15,2023-09-01 00:00:00
台灣高鐵,2633,Q,42.82,39.47,10.2,1.83,82.68,1.9,101.01,45.77,28.4,2.54,0.22,12.17,2023-09-01 00:00:00
台船,2208,Q,0.0,0.0,0.0,0.0,0.0,0.0,0.0,0.0,0.0,0.0,-1.0,0.0,2023-09-01 00:00:00
裕民,2606,Q,0.0,0.0,0.0,0.0,0.0,0.0,0.0,0.0,0.0,0.0,0.91,0.0,2023-09-01 00:00:00
志信,2611,Q,0.0,0.0,0.0,0.0,0.0,0.0,0.0,0.0,0.0,0.0,0.97,0.0,2023-09-01 00:00:00
慧洋-KY,2637,Q,0.0,0.0,0.0,0.0,0.0,0.0,0.0,0.0,0.0,0.0,0.58,0.0,2023-09-01 00:00:00
長榮,2603,Q,17.04,12.03,31.66,4.92,37.85,18.38,240.87,224.1,3.55,9.38,10.35,213.67,2023-09-01 00:00:00
嘉里大榮,2608,Q,18.72,13.5,10.2,2.5,47.95,12.07,111.52,106.27,1.71,35.15,0.61,25.97,2023-09-01 00:00:00
陽明,2609,Q,1.7,-3.78,8.02,1.03,31.9,5.8,435.18,417.12,4.17,15.31,0.8,80.83,2023-09-01 00:00:00
中櫃,2613,Q,0.0,0.0,0.0,0.0,0.0,0.0,0.0,0.0,0.0,0.0,0.28,0.0,2023-09-01 00:00:00
宅配通,2642,Q,14.09,3.72,2.9,1.39,48.75,8.74,165.42,143.85,1.61,72.78,0.33,23.47,2023-09-01 00:00:00
長榮航太,2645,Q,18.3,13.24,15.91,5.03,45.32,21.58,270.23,203.63,1.17,1.41,1.67,34.16,2023-09-01 00:00:00
龍德造船,6753,Q,13.64,10.98,7.87,3.57,55.71,11.29,136.54,50.76,15.14,1.3,0.91,25.85,2023-09-01 00:00:00
榮運,2607,Q,25.86,17.59,17.72,2.47,26.7,39.95,326.03,311.68,1.38,100.11,0.68,29.46,2023-09-01 00:00:00
萬海,2615,Q,1.57,-0.46,10.17,1.19,37.33,8.78,414.64,391.12,6.79,10.53,0.9,77.83,2023-09-01 00:00:00
台灣高鐵,2633,Q,45.49,41.74,21.47,4.04,82.29,3.08,83.55,37.97,25.08,2.66,0.5,12.67,2023-12-01 00:00:00
台灣高鐵,2633,Y,44.55,41.22,15.71,11.29,82.29,2.43,83.55,37.97,107.88,10.88,1.39,12.67,2023-12-01 00:00:00
慧洋-KY,2637,Q,0.0,0.0,0.0,0.0,0.0,0.0,0.0,0.0,0.0,0.0,1.92,0.0,2023-12-01 00:00:00
慧洋-KY,2637,Y,0.0,0.0,0.0,0.0,0.0,0.0,0.0,0.0,0.0,0.0,4.38,0.0,2023-12-01 00:00:00
